[["John", "john00@mail.com", "john_newyork@mail.com", "johnsmith@mail.com"], ["Mary", "mary@mail.com"], ["John", "johnnybravo@mail.com"]]
[["Ethan", "Ethan0@m.co", "Ethan4@m.co", "Ethan5@m.co"], ["Kevin", "Kevin0@m.co", "Kevin3@m.co", "Kevin5@m.co"], ["Hanzo", "Hanzo0@m.co", "Hanzo1@m.co", "Hanzo3@m.co"], ["Gabe", "Gabe0@m.co", "Gabe1@m.co", "Gabe3@m.co"], ["Fern", "Fern0@m.co", "Fern1@m.co", "Fern5@m.co"]]
